Algorithm,Avg_Time,Avg_Memory,Success_Rate,Avg_Solution_Length,Avg_States_Explored,Avg_Total_Cost,Map_ID
DFS,0.023133118947347004,0.039180755615234375,100.0,70.0,55.0,0.0,1
BFS,0.06017120679219564,0.03811454772949219,100.0,12.0,150.0,0.0,1
A*,0.05732536315917969,0.0438849131266276,100.0,12.0,94.0,27.0,1
UCS,0.09630624453226726,0.04909706115722656,100.0,12.0,174.0,27.0,1
