Algorithm,Avg_Time,Avg_Memory,Success_Rate,Avg_Solution_Length,Avg_States_Explored,Map_ID
DFS,0.0434424082438151,0.014322916666666666,100.0,70.0,0.0,1
BFS,0.04120405515034994,0.0013020833333333333,100.0,12.0,0.0,1
A*,0.043442090352376304,0.0013020833333333333,100.0,12.0,0.0,1
UCS,0.06341242790222168,0.0,100.0,12.0,0.0,1
