Algorithm,Avg_Time,Avg_Memory,Success_Rate,Avg_Solution_Length,Avg_States_Explored,Avg_Total_Cost,Map_ID
DFS,0.020064910252888996,0.014322916666666666,100.0,70.0,55.0,0.0,1
BFS,0.047658046086629234,0.005208333333333333,100.0,12.0,150.0,0.0,1
A*,0.0478211243947347,0.0,100.0,12.0,94.0,27.0,1
UCS,0.0861669381459554,0.0013020833333333333,100.0,12.0,174.0,27.0,1
