Algorithm,Avg_Time,Avg_Memory,Success_Rate,Avg_Solution_Length,Avg_States_Explored,Map_ID
DFS,0.0960235595703125,0.19010416666666666,100.0,38.0,46.0,1
BFS,0.13350749015808105,0.04296875,100.0,12.0,179.0,1
A*,0.04941662152608236,0.006510416666666667,100.0,6.0,0.0,1
UCS,0.15186436971028647,0.0,100.0,12.0,184.0,1
