Algorithm,Avg_Time,Avg_Memory,Success_Rate,Avg_Solution_Length,Avg_States_Explored,Avg_Total_Cost,Map_ID
DFS,0.349365234375,-16.727864583333332,100.0,425.0,650.0,0.0,2
BFS,1.3787178993225098,0.109375,100.0,30.0,2600.0,0.0,2
A*,0.8792838255564371,0.01953125,100.0,30.0,1183.0,67.0,2
UCS,1.4707484245300293,0.16796875,100.0,30.0,2433.0,67.0,2
