Algorithm,Avg_Time,Avg_Memory,Success_Rate,Avg_Solution_Length,Avg_States_Explored,Map_ID
DFS,0.3580273787180583,-16.670572916666668,100.0,425.0,0.0,2
BFS,1.4056413173675537,0.10286458333333333,100.0,30.0,0.0,2
A*,0.8859861691792806,0.0078125,100.0,30.0,0.0,2
UCS,1.6377346515655518,0.16666666666666666,100.0,30.0,0.0,2
