Algorithm,Avg_Time,Avg_Memory,Success_Rate,Avg_Solution_Length,Avg_States_Explored,Avg_Total_Cost,Map_ID
DFS,0.3934007485707601,0.4142131805419922,100.0,425.0,650.0,0.0,2
BFS,1.7086621920267742,0.5774211883544922,100.0,30.0,2600.0,0.0,2
A*,1.0258288383483887,0.4005622863769531,100.0,30.0,1183.0,67.0,2
UCS,1.9389363129933674,0.717951774597168,100.0,30.0,2433.0,67.0,2
