Algorithm,Avg_Time,Avg_Memory,Success_Rate,Avg_Solution_Length,Avg_States_Explored,Avg_Total_Cost,Map_ID
DFS,0.11243605613708496,0.18308544158935547,100.0,246.0,224.0,0.0,3
BFS,0.8764369487762451,0.20013713836669922,100.0,40.0,1215.0,0.0,3
A*,1.1796971162160237,0.24697430928548178,100.0,39.0,1142.0,92.0,3
UCS,1.2162301540374756,0.24066543579101562,100.0,39.0,1338.0,92.0,3
