Algorithm,Avg_Time,Avg_Memory,Success_Rate,Avg_Solution_Length,Avg_States_Explored,Avg_Total_Cost,Map_ID
DFS,0.09732580184936523,0.02734375,100.0,246.0,224.0,0.0,3
BFS,0.4802842140197754,0.03125,100.0,40.0,1215.0,0.0,3
A*,0.6752560138702393,0.0,100.0,39.0,1142.0,92.0,3
UCS,0.6497002442677816,0.0,100.0,39.0,1338.0,92.0,3
