Algorithm,Avg_Time,Avg_Memory,Success_Rate,Avg_Solution_Length,Avg_States_Explored,Map_ID
DFS,0.1019601821899414,0.015625,100.0,246.0,0.0,3
BFS,0.5409125487009684,0.020833333333333332,100.0,40.0,0.0,3
A*,0.7497679392496744,0.0,100.0,39.0,0.0,3
UCS,0.7340211073557535,0.0,100.0,39.0,0.0,3
