Algorithm,Avg_Time,Avg_Memory,Success_Rate,Avg_Solution_Length,Avg_States_Explored,Map_ID
DFS,0.5641315778096517,0.22135416666666666,100.0,720.0,0.0,4
BFS,2.830791393915812,0.15494791666666666,100.0,44.0,0.0,4
A*,2.986644744873047,0.015625,100.0,44.0,0.0,4
UCS,3.2346280415852866,0.006510416666666667,100.0,44.0,0.0,4
