Algorithm,Avg_Time,Avg_Memory,Success_Rate,Avg_Solution_Length,Avg_States_Explored,Avg_Total_Cost,Map_ID
DFS,0.5368705590566,0.17447916666666666,100.0,720.0,923.0,0.0,4
BFS,2.777945121129354,0.24479166666666666,100.0,44.0,4746.0,0.0,4
A*,2.992457866668701,0.006510416666666667,100.0,44.0,3562.0,104.0,4
UCS,3.466038942337036,-0.00390625,100.0,44.0,4467.0,104.0,4
