Algorithm,Avg_Time,Avg_Memory,Success_Rate,Avg_Solution_Length,Avg_States_Explored,Avg_Total_Cost,Map_ID
DFS,0.7386829058329264,0.6729116439819336,100.0,720.0,923.0,0.0,4
BFS,3.6432414849599204,0.8511848449707031,100.0,44.0,4746.0,0.0,4
A*,3.369133472442627,0.7826166152954102,100.0,44.0,3562.0,104.0,4
UCS,3.8592191537221274,0.8623854319254557,100.0,44.0,4467.0,104.0,4
