Algorithm,Avg_Time,Avg_Memory,Success_Rate,Avg_Solution_Length,Avg_States_Explored,Avg_Total_Cost,Map_ID
DFS,0.4234073956807454,0.5323085784912109,100.0,598.0,509.0,0.0,5
BFS,3.711785316467285,0.815464973449707,100.0,58.0,4495.0,0.0,5
A*,4.307977279027303,0.8462963104248047,100.0,58.0,4194.0,123.0,5
UCS,4.581484079360962,0.9801301956176758,100.0,58.0,4909.0,123.0,5
