Algorithm,Avg_Time,Avg_Memory,Success_Rate,Avg_Solution_Length,Avg_States_Explored,Map_ID
DFS,0.35531115531921387,0.14973958333333334,100.0,598.0,0.0,5
BFS,3.261253515879313,0.2265625,100.0,58.0,0.0,5
A*,4.154218435287476,0.013020833333333334,100.0,58.0,0.0,5
UCS,4.072508414586385,0.08072916666666667,100.0,58.0,0.0,5
