Algorithm,Avg_Time,Avg_Memory,Success_Rate,Avg_Solution_Length,Avg_States_Explored,Avg_Total_Cost,Map_ID
DFS,0.408436377843221,0.12890625,100.0,598.0,509.0,0.0,5
BFS,3.6019555727640786,0.2825520833333333,100.0,58.0,4495.0,0.0,5
A*,4.480426708857219,0.07161458333333333,100.0,58.0,4194.0,123.0,5
UCS,3.739708662033081,0.08333333333333333,100.0,58.0,4909.0,123.0,5
