Algorithm,Avg_Time,Avg_Memory,Success_Rate,Avg_Solution_Length,Avg_States_Explored,Map_ID
DFS,0.392061710357666,0.11328125,100.0,611.0,0.0,6
BFS,1.7343947092692058,-0.0026041666666666665,100.0,81.0,0.0,6
A*,2.214112122853597,0.0026041666666666665,100.0,81.0,0.0,6
UCS,2.214563767115275,0.00390625,100.0,81.0,0.0,6
