Algorithm,Avg_Time,Avg_Memory,Success_Rate,Avg_Solution_Length,Avg_States_Explored,Avg_Total_Cost,Map_ID
DFS,0.3432153065999349,0.016927083333333332,100.0,611.0,633.0,0.0,6
BFS,1.739880084991455,0.0013020833333333333,100.0,81.0,3025.0,0.0,6
A*,1.9429930845896404,0.0,100.0,81.0,2597.0,188.0,6
UCS,1.9852073192596436,0.0,100.0,81.0,3082.0,188.0,6
