Algorithm,Avg_Time,Avg_Memory,Success_Rate,Avg_Solution_Length,Avg_States_Explored,Avg_Total_Cost,Map_ID
DFS,0.42028339703877765,0.5105342864990234,100.0,611.0,633.0,0.0,6
BFS,2.201293706893921,0.6191730499267578,100.0,81.0,3025.0,0.0,6
A*,2.3463942209879556,0.7165050506591797,100.0,81.0,2597.0,188.0,6
UCS,2.5294469197591147,0.6971883773803711,100.0,81.0,3082.0,188.0,6
