Algorithm,Avg_Time,Avg_Memory,Success_Rate,Avg_Solution_Length,Avg_States_Explored,Avg_Total_Cost,Map_ID
DFS,1.6926130453745525,1.6432456970214844,100.0,1931.0,2478.0,0.0,7
BFS,5.353716691335042,1.3834075927734375,100.0,63.0,7883.0,0.0,7
A*,6.803591966629028,1.5867691040039062,100.0,63.0,7775.0,136.0,7
UCS,7.800232569376628,1.5611743927001953,100.0,63.0,8651.0,136.0,7
