Algorithm,Avg_Time,Avg_Memory,Success_Rate,Avg_Solution_Length,Avg_States_Explored,Map_ID
DFS,1.4858401616414387,-15.744791666666666,100.0,1931.0,0.0,7
BFS,4.318813323974609,-0.05078125,100.0,63.0,0.0,7
A*,6.094921271006267,-0.8098958333333334,100.0,63.0,0.0,7
UCS,5.8445249398549395,0.01953125,100.0,63.0,0.0,7
