Algorithm,Avg_Time,Avg_Memory,Success_Rate,Avg_Solution_Length,Avg_States_Explored,Avg_Total_Cost,Map_ID
DFS,1.3364302317301433,-16.74609375,100.0,1931.0,2478.0,0.0,7
BFS,4.120741844177246,-0.040364583333333336,100.0,63.0,7883.0,0.0,7
A*,5.491702953974406,-0.03515625,100.0,63.0,7775.0,136.0,7
UCS,5.218681335449219,0.010416666666666666,100.0,63.0,8651.0,136.0,7
