Algorithm,Avg_Time,Avg_Memory,Success_Rate,Avg_Solution_Length,Avg_States_Explored,Avg_Total_Cost,Map_ID
DFS,0.11409719785054524,0.0078125,100.0,180.0,212.0,0.0,8
BFS,0.3997328281402588,0.01171875,100.0,60.0,754.0,0.0,8
A*,0.4598865509033203,0.0026041666666666665,100.0,60.0,706.0,129.0,8
UCS,0.4288162390391032,0.0,100.0,60.0,742.0,129.0,8
