Algorithm,Avg_Time,Avg_Memory,Success_Rate,Avg_Solution_Length,Avg_States_Explored,Map_ID
DFS,0.12602925300598145,0.014322916666666666,100.0,180.0,0.0,8
BFS,0.459283987681071,0.0,100.0,60.0,0.0,8
A*,0.5255978107452393,0.0,100.0,60.0,0.0,8
UCS,0.42450372378031415,0.0,100.0,60.0,0.0,8
