Algorithm,Avg_Time,Avg_Memory,Success_Rate,Avg_Solution_Length,Avg_States_Explored,Avg_Total_Cost,Map_ID
DFS,0.1921234130859375,0.12733936309814453,100.0,180.0,212.0,0.0,8
BFS,0.7728923161824545,0.1726970672607422,100.0,60.0,754.0,0.0,8
A*,0.8685752550760905,0.18936443328857422,100.0,60.0,706.0,129.0,8
UCS,0.814589262008667,0.1843404769897461,100.0,60.0,742.0,129.0,8
