Algorithm,Avg_Time,Avg_Memory,Success_Rate,Avg_Solution_Length,Avg_States_Explored,Avg_Total_Cost,Map_ID
DFS,0.44150582949320477,0.28404808044433594,100.0,381.0,446.0,0.0,9
BFS,0.8560492197672526,0.2202014923095703,100.0,54.0,1083.0,0.0,9
A*,0.6388390064239502,0.20703506469726562,100.0,54.0,820.0,118.0,9
UCS,0.7020019690195719,0.2181997299194336,100.0,54.0,993.0,118.0,9
