Algorithm,Avg_Time,Avg_Memory,Success_Rate,Avg_Solution_Length,Avg_States_Explored,Avg_Total_Cost,Map_ID
DFS,0.22827275594075522,0.07291666666666667,100.0,381.0,446.0,0.0,9
BFS,0.5664515495300293,0.0,100.0,54.0,1083.0,0.0,9
A*,0.5357759793599447,0.0013020833333333333,100.0,54.0,820.0,118.0,9
UCS,0.5347955226898193,0.0,100.0,54.0,993.0,118.0,9
