Algorithm,Avg_Time,Avg_Memory,Success_Rate,Avg_Solution_Length,Avg_States_Explored,Map_ID
DFS,0.2560261090596517,0.028645833333333332,100.0,381.0,0.0,9
BFS,0.6094692548116049,0.0,100.0,54.0,0.0,9
A*,0.6153652667999268,0.0,100.0,54.0,0.0,9
UCS,0.6152635415395101,0.0,100.0,54.0,0.0,9
