Algorithm,Avg_Time,Avg_Memory,Success_Rate,Avg_Solution_Length,Avg_States_Explored,Map_ID
DFS,1.0901636282602947,0.421875,100.0,834.0,0.0,10
BFS,1.8938069343566895,0.01171875,100.0,82.0,0.0,10
A*,2.5140863259633384,0.0013020833333333333,100.0,82.0,0.0,10
UCS,2.391351302464803,0.0026041666666666665,100.0,82.0,0.0,10
