Algorithm,Avg_Time,Avg_Memory,Success_Rate,Avg_Solution_Length,Avg_States_Explored,Avg_Total_Cost,Map_ID
DFS,0.8989731470743815,0.4361979166666667,100.0,834.0,2035.0,0.0,10
BFS,1.6622900168100994,0.0013020833333333333,100.0,82.0,3585.0,0.0,10
A*,2.145278215408325,0.0078125,100.0,82.0,3607.0,183.0,10
UCS,1.9191471735636394,0.018229166666666668,100.0,82.0,3898.0,183.0,10
