Algorithm,Avg_Time,Avg_Memory,Success_Rate,Avg_Solution_Length,Avg_States_Explored,Avg_Total_Cost,Map_ID
DFS,0.9357573986053467,0.54296875,100.0,834.0,2035.0,0.0,10
BFS,1.6257764498392742,0.0026041666666666665,100.0,82.0,3585.0,0.0,10
A*,2.287856101989746,0.0,100.0,82.0,3607.0,183.0,10
UCS,2.1019074122111,0.00390625,100.0,82.0,3898.0,183.0,10
